feature	HR	CI_lo	CI_hi	p
Butyrate	0.748254856670543	0.5255499220433137	1.0653323443646356	0.10764409497978111
Nucleotide	1.1693931192602436	0.8446585244321291	1.6189740916810975	0.34577591820738973
LPS/TLR4	1.0797014027044605	0.7857041152532368	1.4837075387167216	0.6363223794468184
